bytearray(b'local:\xb3\xd9\xd8\xc3\xcbLp\xac*\x10\xf9|?F@S\x8b\x9eh\x8d\xb6\x8b\xc8\x9a\xa7aY+\xc8\x87U\xd0:seq'),bytearray(b'\x01')
bytearray(b'n:\x00\x02\xc0L8\x13\xe6\xbc\xa7\x07-\xefl\x84q\xe1\xb3\xebb\x1f\xa4\xb6\xc0\x98\xbf\xc8dg\xf6\x8fy\x80:v4:\x00\x00\x00\x00\x00\x00\x00\x00\x00\x00\xff\xff6\xec4\x1e:findfail'),bytearray(b'\x06')
bytearray(b'n:\x00\x03\x1a\xc2pS\x12U\xce\x02\x8a\x8e\xd2=l3sZ\x07\xb0\xb1J\xf8\x07<,\xa8\x941\xfa\xda\x0b:v4:\x00\x00\x00\x00\x00\x00\x00\x00\x00\x00\xff\xffn\xba=]:findfail'),bytearray(b'\x02')
bytearray(b'n:\x00\x04\x9e\x9dd\xad\x14\xf3\x02\x11qQ&7f\xf2\xe6py\x8f\x0fp\xf1\xe0w\xe2\x11\xe5\x81\xb2\xa5n:v4:\x00\x00\x00\x00\x00\x00\x00\x00\x00\x00\xff\xff_+\xdf\x9e:findfail'),bytearray(b'\x04')
bytearray(b'n:\x00\x06w\x9d\xed\xf2\x1d\xab\xe7\x88U\xfc}\x9e\xf7\x1aE\xfc\x97\xadd~\xb3y\xb6\xd8\xa2\xb3\xba\x86\xd5\xb7:v4:\x00\x00\x00\x00\x00\x00\x00\x00\x00\x00\xff\xff%\x1a\x8by:findfail'),bytearray(b'\x04')
bytearray(b'n:\x00\x07\xf8\x11*Qq\x9et@pp\x8f\xde\xee\xbf)\xbb\xdeO\xd2\x13)\xfer\x92bv\xe7\xea\xfc?:v4:\x00\x00\x00\x00\x00\x00\x00\x00\x00\x00\xff\xff\x12\xda\xd7\xea:lastping'),bytearray(b'\xf6\xde\xdf\xd7\x0b')
bytearray(b'n:\x00\x07\xf8\x11*Qq\x9et@pp\x8f\xde\xee\xbf)\xbb\xdeO\xd2\x13)\xfer\x92bv\xe7\xea\xfc?:v4:\x00\x00\x00\x00\x00\x00\x00\x00\x00\x00\xff\xff\x12\xda\xd7\xea:lastpong'),bytearray(b'\xf4\xde\xdf\xd7\x0b')
bytearray(b'n:\x00\x08dn\x80\x93\x93\xb2\xfcXb=}\xbd\xba\x10\xda\xa7\xf5\x80T\xec\x91\x81<d\x14a\x12X\x12\xb4:v4:\x00\x00\x00\x00\x00\x00\x00\x00\x00\x00\xff\xffu\x9e\xce\xaa:findfail'),bytearray(b'\x04')
bytearray(b'n:\x00\n\xf6C\xf6\x96\xfa\x86\xd1\xeb\xb7h\xa4\x7ff!*d=L\x98\x92\xc1TK\xa8\xd4\x08!\xe1\\\x08:v4:\x00\x00\x00\x00\x00\x00\x00\x00\x00\x00\xff\xffPY\xcb\xac:findfail'),bytearray(b'\x02')
bytearray(b'n:\x00\n\xf6C\xf6\x96\xfa\x86\xd1\xeb\xb7h\xa4\x7ff!*d=L\x98\x92\xc1TK\xa8\xd4\x08!\xe1\\\x08:v4:\x00\x00\x00\x00\x00\x00\x00\x00\x00\x00\xff\xffPY\xcb\xac:lastping'),bytearray(b'\xf4\xde\xdf\xd7\x0b')
bytearray(b'n:\x00\n\xf6C\xf6\x96\xfa\x86\xd1\xeb\xb7h\xa4\x7ff!*d=L\x98\x92\xc1TK\xa8\xd4\x08!\xe1\\\x08:v4:\x00\x00\x00\x00\x00\x00\x00\x00\x00\x00\xff\xffPY\xcb\xac:lastpong'),bytearray(b'\xf2\xde\xdf\xd7\x0b')
bytearray(b"n:\x00\x10\xa0k\'\x8dm\xaa\xa8\x08\xc8L\xafu\x18\xb0g\xa1wD\xb1z;\x9b\x94[\xdfk\xd9\xe341:v4:\x00\x00\x00\x00\x00\x00\x00\x00\x00\x00\xff\xff6\xa1E\x85:findfail"),bytearray(b'\x02')
bytearray(b'n:\x00\x14p#\xa9\x08\xab^S\xc4\xf0\x84F\xeb\xb1\xd6+\xb6w\xe39\xb7o\xa3\xb97\x03\xcb\x13\xd9\xcd\xac:v4:\x00\x00\x00\x00\x00\x00\x00\x00\x00\x00\xff\xff6\xa5\x12l:findfail'),bytearray(b'\x04')
bytearray(b"n:\x00\x14\xaf.\x0b\x97\xfb\x9e\x15n\'\xfc\n\xb4B\xe7/\xc4tb\xf6=\xf8\x13\xe2\x08\xdc\xa9\xd1n\xb1\xb4:v4:\x00\x00\x00\x00\x00\x00\x00\x00\x00\x00\xff\xff6&]\x02:findfail"),bytearray(b'\x06')
bytearray(b"n:\x00\x14\xaf.\x0b\x97\xfb\x9e\x15n\'\xfc\n\xb4B\xe7/\xc4tb\xf6=\xf8\x13\xe2\x08\xdc\xa9\xd1n\xb1\xb4:v4:\x00\x00\x00\x00\x00\x00\x00\x00\x00\x00\xff\xff6&]\x02:lastping"),bytearray(b'\xca\xa3\xd9\xd7\x0b')
bytearray(b"n:\x00\x14\xaf.\x0b\x97\xfb\x9e\x15n\'\xfc\n\xb4B\xe7/\xc4tb\xf6=\xf8\x13\xe2\x08\xdc\xa9\xd1n\xb1\xb4:v4:\x00\x00\x00\x00\x00\x00\x00\x00\x00\x00\xff\xff6&]\x02:lastpong"),bytearray(b'\xc8\xa3\xd9\xd7\x0b')
bytearray(b'n:\x00\x18\x0bQ\xdb\x00\x8b\xdf"\x9d\xe2A\xd8Wa\xc5\x85T\xce\x0e\x9bm\xbe,H\x8e<q"\xb4\xbf\t:v4:\x00\x00\x00\x00\x00\x00\x00\x00\x00\x00\xff\xff\x9f\xcbr::findfail'),bytearray(b'\x04')
bytearray(b'n:\x00\x18\x15\xc8\xeb%\x82\xd3_\xab\xcb\xd5\xbb\x0e\xf6\xdc\xa9\x93 \xf0\x99\xea<fr\xa9\x9d\x00\xbc\xbfV\xe2:v4:\x00\x00\x00\x00\x00\x00\x00\x00\x00\x00\xff\xff/iK\x0f:findfail'),bytearray(b'\x04')
bytearray(b'n:\x00\x1ar9\xbet\xfdi\x92P\xfd\x87qc\x7f\xdc\x15\xc2v\x08\x1c\xd7_N\xb5\xbe\xa5\xcd\xf6\xe8\xcf%:v4:\x00\x00\x00\x00\x00\x00\x00\x00\x00\x00\xff\xff\x12\xb3\xeb\x8f:findfail'),bytearray(b'\x02')
bytearray(b'n:\x00\x1a\xbd\xe8/V\xe3\xf8\xe6F7\xd8\xed\xa0\xec\x0c\xd5~\xb7\xf8Y)\xea\x04\xbc\xba\xf1\xee\xa5\x83Z\x9d:v4:\x00\x00\x00\x00\x00\x00\x00\x00\x00\x00\xff\xff\xc3\xc9^\xe5:lastpong'),bytearray(b'\xf6\xde\xdf\xd7\x0b')
bytearray(b'n:\x00\x1c\x19\xa6\xdf`?p\\\xe5\x8a\x9d\xe6\xa4\t\xd34\xadw[\xb1yl\x16\xec4\xe9\xb3\xa8#\xf4\xc9:v4:\x00\x00\x00\x00\x00\x00\x00\x00\x00\x00\xff\xffh\xf8\x96\x06:lastping'),bytearray(b'\xba\xbb\xe0\xd7\x0b')
bytearray(b'n:\x00\x1c\x19\xa6\xdf`?p\\\xe5\x8a\x9d\xe6\xa4\t\xd34\xadw[\xb1yl\x16\xec4\xe9\xb3\xa8#\xf4\xc9:v4:\x00\x00\x00\x00\x00\x00\x00\x00\x00\x00\xff\xffh\xf8\x96\x06:lastpong'),bytearray(b'\xba\xbb\xe0\xd7\x0b')
bytearray(b'n:\x00\x1d~h\x14\xa2\x1e\xea\xb8md\xd4\xean\x11\x03\xf8\n\xe2\xbc\x7f$h\x98!\xa6\xb4\xd9\xab\x9fq\xc0:v4:\x00\x00\x00\x00\x00\x00\x00\x00\x00\x00\xff\xff\x9d\xf5\x81\x83:findfail'),bytearray(b'\x04')
bytearray(b'n:\x00 \xaa\xc0J\xe7\xad\x7f\x14\xf8{13\xb1\xa5O@\xf1\x99\xb40\x0cW\xf4\xdf\xb92\xf7\xfa\x08Yk:v4:\x00\x00\x00\x00\x00\x00\x00\x00\x00\x00\xff\xff\xcf.\x8aH:findfail'),bytearray(b'\x06')
bytearray(b'n:\x00$I\xc3D\x07:yk_mv\x83\xd678}\xb1\xed\xd7s\xb5\xcd\xe8\xc5\x14\xb4He\r\xf1\xa1:v4:\x00\x00\x00\x00\x00\x00\x00\x00\x00\x00\xff\xff? ,\x98:findfail'),bytearray(b'\x02')
bytearray(b'n:\x00$\x8a\xb0\x9a%R\x16d\xb2\xd0\x03\x18\xbd\xa1f\xbc#\xd2\x92\xf8\x0ez\xd7\x16\xa5\xe7\xcc\x1b?7\xb9:v4:\x00\x00\x00\x00\x00\x00\x00\x00\x00\x00\xff\xff\x9d\xf5b\xd3:findfail'),bytearray(b'\x02')
bytearray(b'n:\x00&\xf18t~\xd1\x96\xf5d\xa90l::\x02\x86\xd7% \xe7V\xfa\x88\xd1\xb1JW!\xf1\x07\xf5:v4:\x00\x00\x00\x00\x00\x00\x00\x00\x00\x00\xff\xff\xb6T^\x19:findfail'),bytearray(b'\x04')
bytearray(b"n:\x00\'>Y\xb8\xd0_p\x19\x8a|\xbfU\xdc_O\xb7\\\xb5\xf8\x97\x9b\xc4=\x15\xd0\xba\xa3Bt\xb4$:v4:\x00\x00\x00\x00\x00\x00\x00\x00\x00\x00\xff\xff\rRf\xff:lastping"),bytearray(b'\xec\xde\xdf\xd7\x0b')
bytearray(b"n:\x00\'>Y\xb8\xd0_p\x19\x8a|\xbfU\xdc_O\xb7\\\xb5\xf8\x97\x9b\xc4=\x15\xd0\xba\xa3Bt\xb4$:v4:\x00\x00\x00\x00\x00\x00\x00\x00\x00\x00\xff\xff\rRf\xff:lastpong"),bytearray(b'\xec\xde\xdf\xd7\x0b')
bytearray(b"n:\x00\'pJ\x10=S\xf9\xee\xe1-\xf9k\xabv\xeaco\xbc\xc2\x16\xf4\xacr\xe2\xaa\x0f\xb3c\x1e\xcc\x96:v4:\x00\x00\x00\x00\x00\x00\x00\x00\x00\x00\xff\xff6\xa1E\x85:findfail"),bytearray(b'\x04')
bytearray(b'n:\x00\'\x8d\xf8"Lo\x93a\xe9v\xfdIaoO\x10\x01\x04\x92L9@\xc7n\x9d\x81\x0bP\x87 \xce:v4:\x00\x00\x00\x00\x00\x00\x00\x00\x00\x00\xff\xff\x02\x9a2\x15:findfail'),bytearray(b'\x04')
bytearray(b'n:\x00)\x18d\xdc\x8e\xcc\x8c\tQE\x89N\x00=\x1f\x8f\xb5\xd9\x873\xcd-\xf4g\xd2V\xaf\x8e%| :v4:\x00\x00\x00\x00\x00\x00\x00\x00\x00\x00\xff\xffqA-\xc7:lastping'),bytearray(b'\xec\xde\xdf\xd7\x0b')
bytearray(b'n:\x00)\x18d\xdc\x8e\xcc\x8c\tQE\x89N\x00=\x1f\x8f\xb5\xd9\x873\xcd-\xf4g\xd2V\xaf\x8e%| :v4:\x00\x00\x00\x00\x00\x00\x00\x00\x00\x00\xff\xffqA-\xc7:lastpong'),bytearray(b'\xec\xde\xdf\xd7\x0b')
bytearray(b'n:\x00)5\xf3\xae\xa3\xe7\xd3\xb3/o\x978i\x9a\xaf\xa2\xe0\x14\xd4\x8eQa\x0f\xc2\xd0{V\xa6\x83\xc1O:v4:\x00\x00\x00\x00\x00\x00\x00\x00\x00\x00\xff\xff\xa5\xe3^p:findfail'),bytearray(b'\x06')
bytearray(b'n:\x00)J\x1f\xb2\xf9\xd4D\xfb\xce8\xdb~\xc9\xb1\x92P io$\xeb\xb6@K\x96\xac\n\xa0\x86\x83\xd0:v4:\x00\x00\x00\x00\x00\x00\x00\x00\x00\x00\xff\xffTk\xc2\xae:findfail'),bytearray(b'\x06')
bytearray(b"n:\x00-\xc7\xb9\xc1\xcck\xf98^\xd5\xfa\'\xee\xda8\x1e\x0bbx~\x12\xd8\xa9\x05\x07\x94\xf8\x86\xbdqs:v4:\x00\x00\x00\x00\x00\x00\x00\x00\x00\x00\xff\xff\xd5\x88D\x16:findfail"),bytearray(b'\x06')
bytearray(b'n:\x00.a\xeb\xcf\xda\xb8\xf6\xf9b\xf3\x17X\xf0\x81\xa8\x94`p\xb7\xe8s\xd8C)\xe7\xf3?\x16\x06\xc8-:v4:\x00\x00\x00\x00\x00\x00\x00\x00\x00\x00\xff\xffMS\xca\xd1:lastping'),bytearray(b'\xea\xde\xdf\xd7\x0b')
bytearray(b'n:\x00.a\xeb\xcf\xda\xb8\xf6\xf9b\xf3\x17X\xf0\x81\xa8\x94`p\xb7\xe8s\xd8C)\xe7\xf3?\x16\x06\xc8-:v4:\x00\x00\x00\x00\x00\x00\x00\x00\x00\x00\xff\xffMS\xca\xd1:lastpong'),bytearray(b'\xea\xde\xdf\xd7\x0b')
bytearray(b'n:\x00/\x96\xd7q\x93\xd1\xcbc\xcc\xdbrHR\xbb\xc0\x14\xee\xac\xe8\x9f\x83\x85}\x96\xa7\x93\xf8p\xccb\\:v4:\x00\x00\x00\x00\x00\x00\x00\x00\x00\x00\xff\xff\xabQ\xec\xfa:findfail'),bytearray(b'\x04')
bytearray(b'n:\x0015\x8a\x94ry\xa0\xe5\xcaeco`\xd6\xff\xc9\xe87-\x1an\xd7\xc0\xc1\xaa\x11(]\xde5\x1e:v4:\x00\x00\x00\x00\x00\x00\x00\x00\x00\x00\xff\xff\xde\xcdP\xa1:findfail'),bytearray(b'\x02')
bytearray(b'n:\x001\x87U\xdb\xe0\xd1SgS\x85\xd4\xa6\xe5\xf7\x9f\xdf\xcd\x14<L-\xc4\xd1Y\xbf\x1d[\xdf\x02\xef%:v4:\x00\x00\x00\x00\x00\x00\x00\x00\x00\x00\xff\xff#\xf0j\xf0:findfail'),bytearray(b'\x02')
bytearray(b"n:\x002\x1c\x80\x00\xfc\x16^\xa2\x89\xb0\x9e\x1a\x8c\x89$\xd37\xf6\xda\'\xe5\xddBB=\xef\xd4\x0fp\xdc\x0b:v4:\x00\x00\x00\x00\x00\x00\x00\x00\x00\x00\xff\xff3D\x9b\xb9:findfail"),bytearray(b'\x02')
bytearray(b"n:\x002\x1c\x80\x00\xfc\x16^\xa2\x89\xb0\x9e\x1a\x8c\x89$\xd37\xf6\xda\'\xe5\xddBB=\xef\xd4\x0fp\xdc\x0b:v4:\x00\x00\x00\x00\x00\x00\x00\x00\x00\x00\xff\xff3D\x9b\xb9:lastpong"),bytearray(b'\xf0\xde\xdf\xd7\x0b')
bytearray(b'n:\x007x\x14\xb5^\xdb\xfa\xba\xebGS\x15:@j\xf2\xd3\xd6$c\xe6\x84\x1db\xa5\rQc\xb8\xc5\xad:v4:\x00\x00\x00\x00\x00\x00\x00\x00\x00\x00\xff\xff\xd1\xfa\xfbm:lastping'),bytearray(b'\xf2\xde\xdf\xd7\x0b')
bytearray(b'n:\x007x\x14\xb5^\xdb\xfa\xba\xebGS\x15:@j\xf2\xd3\xd6$c\xe6\x84\x1db\xa5\rQc\xb8\xc5\xad:v4:\x00\x00\x00\x00\x00\x00\x00\x00\x00\x00\xff\xff\xd1\xfa\xfbm:lastpong'),bytearray(b'\xf2\xde\xdf\xd7\x0b')
bytearray(b"n:\x007\xaa\xb3\x88\x9e\'\x9f\xef\xf4t8\x94\xa3\x1f\xa5\x8c\x0c;\x9eEiP\xbe\xa2E\xf6h\xa8Z\x1cp:v4:\x00\x00\x00\x00\x00\x00\x00\x00\x00\x00\xff\xff(v\x03\xff:findfail"),bytearray(b'\x02')
bytearray(b'n:\x00;S\xa0\x94\xf6\xc4)#=RG\xa8\xa6\xe0\xe71A\xf3\xd5Hw\x91#\xf9t\xf0\x8f\x0ba\xe4\x8a:v4:\x00\x00\x00\x00\x00\x00\x00\x00\x00\x00\xff\xff\xa5\xe3R\xae:findfail'),bytearray(b'\x04')
bytearray(b'n:\x00<\xa4\xea\x9c#L\xfb"\x8a<\x9d\x1c\xb4\x95n\xb8c\xb8\xcd\xa7\x03\xac\xb9v:&\x99s"L+:v4:\x00\x00\x00\x00\x00\x00\x00\x00\x00\x00\xff\xff/cv\x0b:findfail'),bytearray(b'\x06')
bytearray(b'n:\x00=\xadh\x84c&\xe4\x0c\x81\x90\x9d\x12\xf6-B\xab\x9e\xf0^\xbb\x1f}\xd8+y\xfe>\xcdH\xd8\xaf:v4:\x00\x00\x00\x00\x00\x00\x00\x00\x00\x00\xff\xff\xb7\x85!\x98:findfail'),bytearray(b'\x04')
bytearray(b'n:\x00>\x02\xeeYJ\xf3\xb0cH\xde|\xecn\xa9<IH\xd5-\xc1}\x06\xe7\x11\xf5YO\xf3\xf6\x1f\x02:v4:\x00\x00\x00\x00\x00\x00\x00\x00\x00\x00\xff\xff(v\x03\xff:findfail'),bytearray(b'\x06')
bytearray(b'n:\x00>Gu\xd0\xc2\xf1\xba\xdew0~<\x9a\x1c\x9fB\xad<\x8fb\xbf\r\x9e\x05\xf7\xf3\xe3-\xf6\xf3\xcf:v4:\x00\x00\x00\x00\x00\x00\x00\x00\x00\x00\xff\xff\x8cwe\x82:findfail'),bytearray(b'\x06')
bytearray(b'n:\x00?\xc0\xd1y\xf3\x94i\xc9E\xbb\x7f\xa5\xa2\x0eR\x05f\x10\x11\xbb\xef\xdd\xfb?\x1f>-\xde\xf1\xb9*:v4:\x00\x00\x00\x00\x00\x00\x00\x00\x00\x00\xff\xffh\xf8\x96\x06:findfail'),bytearray(b'\x02')
bytearray(b'n:\x00A0>\xf3\xd7\x9b\xe6\xd6\x86\x1a\x01\xaf\x98\xd4\xaf=\x98\xc0\xc4Nx\x1a\x8f\x8e\xfe\xb8\x9b\xf1p\xb7\x03:v4:\x00\x00\x00\x00\x00\x00\x00\x00\x00\x00\xff\xff[yM\xc0:lastping'),bytearray(b'\xd4\x81\xe0\xd7\x0b')
bytearray(b'n:\x00A0>\xf3\xd7\x9b\xe6\xd6\x86\x1a\x01\xaf\x98\xd4\xaf=\x98\xc0\xc4Nx\x1a\x8f\x8e\xfe\xb8\x9b\xf1p\xb7\x03:v4:\x00\x00\x00\x00\x00\x00\x00\x00\x00\x00\xff\xff[yM\xc0:lastpong'),bytearray(b'\xd4\x81\xe0\xd7\x0b')
bytearray(b'n:\x00AO}\xe0\xe7a^\xeaH2fQ\xb5\x1eV4ld\xa6\x0c\xc4\xea4\xa9T\x1a\xd4?\xe3\x14\xdf:v4:\x00\x00\x00\x00\x00\x00\x00\x00\x00\x00\xff\xff#\x9c\x87I:findfail'),bytearray(b'\x02')
bytearray(b'n:\x00AyN\x85\xf2\x80\xdd\xc7\xcd\xd0/.\x1f?\xd6^\x04D&c\x05\x90\xfe\t\xe7\x9c\xb3\xd0\xd0_\xb5:v4:\x00\x00\x00\x00\x00\x00\x00\x00\x00\x00\xff\xff\xcax\xeaT:findfail'),bytearray(b'\x08')
bytearray(b'n:\x00B\xd6\xc2\x1e\xfa\xba\x99\x9a"\xab0\x87\xaag\xfb),Y(\xfb(\\\xe0\xbc\x98\xb8\x80\xb9\xef\x19/:v4:\x00\x00\x00\x00\x00\x00\x00\x00\x00\x00\xff\xff1\xf8\xebJ:findfail'),bytearray(b'\x08')
bytearray(b'n:\x00D\x96\xd2\xa4\xdd\t\xc8u\x96L\xe0\x01\x95\xe1\xd6\x94\xd9\xbdT\xa67\xc5<\xda \xf6\xdd*M%\xb5:v4:\x00\x00\x00\x00\x00\x00\x00\x00\x00\x00\xff\xff3D\xe0\x89:findfail'),bytearray(b'\x08')
bytearray(b'n:\x00EV\x12\xcb\xeb\x8c\xf9\x85\x80\x81(=\x1eN\xebz(\x00\x16\t\xd7\x9b\xc1\x11\x15\xdf\xa0FI\xa2d:v4:\x00\x00\x00\x00\x00\x00\x00\x00\x00\x00\xff\xff\xb0\t\x9aQ:lastping'),bytearray(b'\xce\x81\xe0\xd7\x0b')
bytearray(b'n:\x00EV\x12\xcb\xeb\x8c\xf9\x85\x80\x81(=\x1eN\xebz(\x00\x16\t\xd7\x9b\xc1\x11\x15\xdf\xa0FI\xa2d:v4:\x00\x00\x00\x00\x00\x00\x00\x00\x00\x00\xff\xff\xb0\t\x9aQ:lastpong'),bytearray(b'\xce\x81\xe0\xd7\x0b')
bytearray(b'n:\x00E\xb9\x97\xbfI\xfe\nB\xb6\xcd\xa5\\L\xeaD_\t\xb4\x80w\x8c\xc3A+d\x0f\xd4\xb2L\xf5d:v4:\x00\x00\x00\x00\x00\x00\x00\x00\x00\x00\xff\xff\x03{\x7fv:lastping'),bytearray(b'\xce\x81\xe0\xd7\x0b')
bytearray(b'n:\x00E\xb9\x97\xbfI\xfe\nB\xb6\xcd\xa5\\L\xeaD_\t\xb4\x80w\x8c\xc3A+d\x0f\xd4\xb2L\xf5d:v4:\x00\x00\x00\x00\x00\x00\x00\x00\x00\x00\xff\xff\x03{\x7fv:lastpong'),bytearray(b'\xce\x81\xe0\xd7\x0b')
bytearray(b'n:\x00F\xbf\x9fgE&/?Q\x81\x93\xa9\x98Y5}\xbe\xd3\xb4\xd3\x9aq-\x17\xc4\x97\xcf9\x1cP\x1a:v4:\x00\x00\x00\x00\x00\x00\x00\x00\x00\x00\xff\xff\r\xe7\xd6\xf4:findfail'),bytearray(b'\n')
bytearray(b'n:\x00G\xbe0\xcd\x10(\x8e\x8c\xd3\x98Ag\xd0\xcc\xd1\x08\xcc\xfe\xc6l\xc4\x16\xea\xff\xab\xe0\nFr z:v4:\x00\x00\x00\x00\x00\x00\x00\x00\x00\x00\xff\xff^O7\x1c:findfail'),bytearray(b'\x08')
bytearray(b'n:\x00IE\x0c\x96\x81\xd0\xcc\xf6\x1b\xab\xda\xb7DD>^\xec\xa2\x00\xba\x82L\x06h\xd6\xa2\x1a\x98\xa8\xdc\xf1:v4:\x00\x00\x00\x00\x00\x00\x00\x00\x00\x00\xff\xff4\xc0l>:findfail'),bytearray(b'\n')
bytearray(b'n:\x00J\x9f\xd0\xa0\x03\x97\x9e(\x95\n\xf3\xd4\xfdo\xa3\xacxh\x19\x9e\x13\x01\xa9\xc5E\'\xc5\xc6"\xb6\x11:v4:\x00\x00\x00\x00\x00\x00\x00\x00\x00\x00\xff\xff.eg\xb7:findfail'),bytearray(b'\x08')
bytearray(b'n:\x00L\xb0{\x88\x13wh\xce-3\n\x94^\x13\xf8L\xc4,"\xfa\x1e\xb6\x1d*\x9c\x86G\xfe\xa7\xe0\xb6:v4:\x00\x00\x00\x00\x00\x00\x00\x00\x00\x00\xff\xff\r\xecw\x82:findfail'),bytearray(b'\n')
bytearray(b"n:\x00M\xde\x16qm\xb8\xd1\x1b\xe5\xc5X\xa3\x87\x01?\xc5\x95\xc1]HLeT\x83\xae\xc6h\x15\'\x9e\x0b:v4:\x00\x00\x00\x00\x00\x00\x00\x00\x00\x00\xff\xff\rB\xd10:findfail"),bytearray(b'\n')
bytearray(b'n:\x00N/\\\xac\x9b\xe1\x03n\xcf]\x04\xb5mk\x146j\xbb|k\xf7\x11\xf0\x14\xf8\xea#_K\x8b\x0b:v4:\x00\x00\x00\x00\x00\x00\x00\x00\x00\x00\xff\xffd\x13c7:findfail'),bytearray(b'\x02')
bytearray(b'n:\x00O\x06m-\xde\xde,,\x83+\x0b\xe4\xc9i{t0\x96\x10\xad\xea\xe3]S.\x19\x9c\xb7\x1e\xab\xaa:v4:\x00\x00\x00\x00\x00\x00\x00\x00\x00\x00\xff\xff^O7\x1c:findfail'),bytearray(b'\n')
bytearray(b'n:\x00OaZ\xb7\xc6\x9a\xcde^\x8b\xcb]\x13\xaa\x84:\xa7-\x0bO$1D\xee\xc7\xce\xea\x03\xa9\xebV:v4:\x00\x00\x00\x00\x00\x00\x00\x00\x00\x00\xff\xff\xa4Di\x18:lastping'),bytearray(b'\xda\x81\xe0\xd7\x0b')
bytearray(b'n:\x00OaZ\xb7\xc6\x9a\xcde^\x8b\xcb]\x13\xaa\x84:\xa7-\x0bO$1D\xee\xc7\xce\xea\x03\xa9\xebV:v4:\x00\x00\x00\x00\x00\x00\x00\x00\x00\x00\xff\xff\xa4Di\x18:lastpong'),bytearray(b'\xda\x81\xe0\xd7\x0b')
bytearray(b'n:\x00O\xd3w+\x81\xe5\x8b\x8e\x177ce\xaf\x866"\x1a?>mH\x8as\xc8S\xd9}\'\xa5\xfa\xb3:v4:\x00\x00\x00\x00\x00\x00\x00\x00\x00\x00\xff\xff\xb7\xca\xd2;:findfail'),bytearray(b'\x02')
bytearray(b'n:\x00P\x1a\xf5^\xbe\xd2\xaa?\xa4\xb6\xb9\x06\xb6\x99\xc8\x89Z\xd1\xd6b\x16\xc1&v\xa3R\x1e\\\x05\x94\xd7:v4:\x00\x00\x00\x00\x00\x00\x00\x00\x00\x00\xff\xffXc\xfei:findfail'),bytearray(b'\x08')
bytearray(b'n:\x00RN\xf5\x88`\x7f2@,\xd51e\xdb`\n\x92K\xff\xb6\xf2\xc0n)j\x14U\xd1\x7f\x17\xea\xfc:v4:\x00\x00\x00\x00\x00\x00\x00\x00\x00\x00\xff\xff\x9d\xf5\xa5\xa0:findfail'),bytearray(b'\x02')
bytearray(b'n:\x00X\x0bUp<"`s3\x18\x85\x96\xc8c\xa2QI\xc5\\q\xb6B7\x96\x8e\x06\x1aSJ\x13\x02:v4:\x00\x00\x00\x00\x00\x00\x00\x00\x00\x00\xff\xff\xdc\xc8\x9f\xf2:findfail'),bytearray(b'\x04')
bytearray(b'n:\x00X\xe6\x13\xe0\xf6\xae\xd2l\xceR\x13\x99\x15_8\x0c|\x82\xbf;\x91\xf0\xa3\t\xa9Z\xf0\x9c\x8b\xa2\xa9:v4:\x00\x00\x00\x00\x00\x00\x00\x00\x00\x00\xff\xffh\xf8\x96\x06:findfail'),bytearray(b'\x04')
bytearray(b"n:\x00^\x898\xf4R\x8a^\xc4;\'\xde~\xff\x9e\x17V\x01!\xe7\xcf\xbb,D\x1b>\xcb\xfe\xe7\xea\xd2\xd2:v4:\x00\x00\x00\x00\x00\x00\x00\x00\x00\x00\xff\xfft\xcbF\x9d:findfail"),bytearray(b'\x02')
bytearray(b'n:\x00`c$\xfc\xb5\xfdn\xf0\x7fh\xf2}|Mk\xc2\xf9\xeb\xdd\xa5\xb3\xe7o\x04r\xb5N\x11\xea+\xa4:v4:\x00\x00\x00\x00\x00\x00\x00\x00\x00\x00\xff\xff\x12\xd0k\xf0:findfail'),bytearray(b'\x02')
bytearray(b'n:\x00`w\x01\x1c\x1e"\xa1\xd0b"\xb8X\xabI=\x80\xc2\x03\t\x8a\x00\x12TY]\x84-/\x96"Z:v4:\x00\x00\x00\x00\x00\x00\x00\x00\x00\x00\xff\xff\xc0c\x15e:lastping'),bytearray(b'\xa2\xb6\xdd\xd7\x0b')
bytearray(b'n:\x00`\x8b6\xa4\x9d\x11\x80\xf2}\x04V!\x99\xa4\xa3\x95\x8a\xcc\xd1m\xa8\xc5Oy\x81\xd1\x89\x877\x8a\xac:v4:\x00\x00\x00\x00\x00\x00\x00\x00\x00\x00\xff\xff\xa5\xe3^p:findfail'),bytearray(b'\x02')
bytearray(b'n:\x00bG\xfal\tM\x92V1\x01\xd2uD5\xda\x85v\xa3\xf5\xc1\x95^Z\xf3U\xf1\xaa\x01-\xab_:v4:\x00\x00\x00\x00\x00\x00\x00\x00\x00\x00\xff\xffw{\x80\xc4:findfail'),bytearray(b'\x02')
bytearray(b'n:\x00c\x03\xe33>^~\xad\xc6\x01\xf9\x95r/\x11\xcf\x00sw`\xb0\x00\x7f\x1bP\x84\xeb\xcdQ\xf9\x0e:v4:\x00\x00\x00\x00\x00\x00\x00\x00\x00\x00\xff\xff\x9fA}Y:findfail'),bytearray(b'\x02')
bytearray(b'n:\x00e\xb1\x94#*\xda\xc4\xa2\x8a\x17\x8b\x8f\x92D1P4\xb3\xe3\xe8\xf7\xef6w.\x9d\xa6>\xce\xe0\xca:v4:\x00\x00\x00\x00\x00\x00\x00\x00\x00\x00\xff\xff\xa4\x0f\n\x86:findfail'),bytearray(b'\x06')
bytearray(b'n:\x00f\xc8\t6\xaa\xee\xba\xef\x00a\xbe\xb1c\x1c\x98r\x0e\xa2\x89/=z\x84\x886\xe9a\xbdt\x0c\x95:v4:\x00\x00\x00\x00\x00\x00\x00\x00\x00\x00\xff\xff#\xf1\xfd0:findfail'),bytearray(b'\x06')
bytearray(b'n:\x00kB5H\x06\x0f\x94\xd5\xeb\xc6C\x7f\x02\xbd\x92\x19Xhs\x9a\xa0D\xae\x02<\x92\xcf\xcd\xcbX\xe0:v4:\x00\x00\x00\x00\x00\x00\x00\x00\x00\x00\xff\xff6\xa5\x12l:findfail'),bytearray(b'\x06')
bytearray(b'n:\x00k\xf5\x04\xc5\xfb=\xb0\x97\xa0\xb0(\xa8\x9f3>\xe6Q\xa7\x92\x82\\0\x9dt\xcd`\x98c\x9c\xdb?:v4:\x00\x00\x00\x00\x00\x00\x00\x00\x00\x00\xff\xff\xa9\xef\x81\x10:lastping'),bytearray(b'\xa0\xb6\xdd\xd7\x0b')
bytearray(b'n:\x00k\xf5\x04\xc5\xfb=\xb0\x97\xa0\xb0(\xa8\x9f3>\xe6Q\xa7\x92\x82\\0\x9dt\xcd`\x98c\x9c\xdb?:v4:\x00\x00\x00\x00\x00\x00\x00\x00\x00\x00\xff\xff\xa9\xef\x81\x10:lastpong'),bytearray(b'\xa0\xb6\xdd\xd7\x0b')
bytearray(b'n:\x00r<\xa1cBN\x8f\x156S\x1ae\xa9\xac6\xb8\xda/\xef\x89\xad|4\xee\xf7\xfa\xdf\x90\xb6\xba\xcc:v4:\x00\x00\x00\x00\x00\x00\x00\x00\x00\x00\xff\xff\xcb\xf7\x8f\x14:findfail'),bytearray(b'\x08')
bytearray(b'n:\x00r\x94\x88\xbb^\x9f4\x03~s\xfc\xcf\xee\xeb\x944\xb9\xff\x896\xa6\x1d=*\n\x95>\xdf:C\x92:v4:\x00\x00\x00\x00\x00\x00\x00\x00\x00\x00\xff\xffu\x19/\xa9:findfail'),bytearray(b'\x02')
bytearray(b'n:\x00u\x05\xafO\x92\x9d\x8b\x82\xd4_\xcfv\xc2\xce\xe0\xbaRh\xff=>?\x02\x1e\xd4!<d\xa1ks:v4:\x00\x00\x00\x00\x00\x00\x00\x00\x00\x00\xff\xff#\xbe\xec1:findfail'),bytearray(b'\x04')
bytearray(b'n:\x00u\xc9\x88\\\xed\xbe\x1c\x87U\xd4OJ\xb5\x80\xe0\xb5V\xc5\x81a\xadS\xcc$\x10\x99\xa97\xb2h\x17:v4:\x00\x00\x00\x00\x00\x00\x00\x00\x00\x00\xff\xff\x9d\xf5\xaaP:findfail'),bytearray(b'\x08')
bytearray(b'n:\x00u\xe7\x01o \x1e\xe2\x84\nYb\x8b7\xb7\xd3\xcd*b(#\xc3\xdf\xc8%\x94\xfc\xef\xef\x98S\xc6:v4:\x00\x00\x00\x00\x00\x00\x00\x00\x00\x00\xff\xff\x03p\x8a9:findfail'),bytearray(b'\x08')
bytearray(b'n:\x00u\xed>\xe3\x8c8I\xb9\xc3\xbe\x1dH\x80WN\xb1"/\rb\x8e\x1b\xa3\x82\x86\xc3 ]\xbb\x85U:v4:\x00\x00\x00\x00\x00\x00\x00\x00\x00\x00\xff\xff"\xeb\x97\x98:findfail'),bytearray(b'\x04')
bytearray(b'n:\x00w7D\xffp)\xabh)\x1egZ\xdcI\xde\xecZ{\xca\xbcZ8\xf8\xe6\xe2\x94\x86\xb4\x18 \xdf:v4:\x00\x00\x00\x00\x00\x00\x00\x00\x00\x00\xff\xff\xa4\x0f\n\x86:findfail'),bytearray(b'\x08')
bytearray(b'n:\x00x{\x8e.\x0b`3\x0c\x81\xa1Oi\xd6\xaa\xfbN\xa2\xeb\xeb\xa3uZSf\xb5j\x93N\x9e^9:v4:\x00\x00\x00\x00\x00\x00\x00\x00\x00\x00\xff\xff6\xfe\xd6\xfe:findfail'),bytearray(b'\n')
bytearray(b'n:\x00zA^\xa0\xb4\xf2"\x12\\^:O\xb1\xea+\xc2\x1d\xc0"\xd9\x19\xdb\xd4\xe7\xf3\xe6\xad\xd5\x85\x832:v4:\x00\x00\x00\x00\x00\x00\x00\x00\x00\x00\xff\xffo[\xe1\x0e:findfail'),bytearray(b'\n')
bytearray(b'n:\x00{?\x05n\x11\xc3h\xfd\xd8\x96\x9f\xa9\x1a4\xba0\x99`\x03\x1a\xae\xf3\xc0g\xf1w\xa3\x04\xb9\xe3\xa8:v4:\x00\x00\x00\x00\x00\x00\x00\x00\x00\x00\xff\xff6\xa1E\x85:findfail'),bytearray(b'\n')
bytearray(b'n:\x00{E\x9e\xeb\xda\x05\x03\xa5\xd6\xc1\xd6\xaa}\xe6-r\x86\x97\xa0\xa2l\x9c}\xce\x8ag\xee\xf6\xca2>:v4:\x00\x00\x00\x00\x00\x00\x00\x00\x00\x00\xff\xff6\xa9\t\xb1:findfail'),bytearray(b'\n')
